uri,predicted_label,true_label
http://www.benchmark.org/family#F10M173,1,1
http://www.benchmark.org/family#F10M180,1,1
http://www.benchmark.org/family#F10M182,1,1
http://www.benchmark.org/family#F2M11,1,1
http://www.benchmark.org/family#F2M13,1,1
http://www.benchmark.org/family#F2M20,1,1
http://www.benchmark.org/family#F3M44,1,1
http://www.benchmark.org/family#F5M63,1,1
http://www.benchmark.org/family#F6M100,1,1
http://www.benchmark.org/family#F6M78,1,1
http://www.benchmark.org/family#F6M80,1,1
http://www.benchmark.org/family#F6M92,1,1
http://www.benchmark.org/family#F7M113,1,1
http://www.benchmark.org/family#F7M131,1,1
http://www.benchmark.org/family#F9M159,1,1
http://www.benchmark.org/family#F9M162,1,1
http://www.benchmark.org/family#F10F191,0,0
http://www.benchmark.org/family#F10F198,0,0
http://www.benchmark.org/family#F1F3,0,0
http://www.benchmark.org/family#F2F22,0,0
http://www.benchmark.org/family#F2F28,0,0
http://www.benchmark.org/family#F2F36,0,0
http://www.benchmark.org/family#F3M43,0,0
http://www.benchmark.org/family#F4F55,0,0
http://www.benchmark.org/family#F5F67,0,0
http://www.benchmark.org/family#F5M60,0,0
http://www.benchmark.org/family#F6F76,0,0
http://www.benchmark.org/family#F6F86,0,0
http://www.benchmark.org/family#F7F108,0,0
http://www.benchmark.org/family#F7F119,0,0
http://www.benchmark.org/family#F8M134,0,0
http://www.benchmark.org/family#F9F160,0,0
