id	uri	label
7	http://www.benchmark.org/family#F10M187	1
9	http://www.benchmark.org/family#F10M194	1
10	http://www.benchmark.org/family#F10M196	1
23	http://www.benchmark.org/family#F2M27	1
24	http://www.benchmark.org/family#F2M29	1
25	http://www.benchmark.org/family#F2M32	1
26	http://www.benchmark.org/family#F2M37	1
43	http://www.benchmark.org/family#F6M71	1
46	http://www.benchmark.org/family#F6M85	1
47	http://www.benchmark.org/family#F6M90	1
53	http://www.benchmark.org/family#F7M107	1
55	http://www.benchmark.org/family#F7M115	1
57	http://www.benchmark.org/family#F7M120	1
58	http://www.benchmark.org/family#F7M122	1
59	http://www.benchmark.org/family#F7M125	1
65	http://www.benchmark.org/family#F9M142	1
66	http://www.benchmark.org/family#F9M144	1
68	http://www.benchmark.org/family#F9M149	1
69	http://www.benchmark.org/family#F9M151	1
70	http://www.benchmark.org/family#F9M153	1
71	http://www.benchmark.org/family#F9M157	1
75	http://www.benchmark.org/family#F9M167	1
0	http://www.benchmark.org/family#F10F174	0
1	http://www.benchmark.org/family#F10F189	0
8	http://www.benchmark.org/family#F10M188	0
11	http://www.benchmark.org/family#F1F2	0
13	http://www.benchmark.org/family#F2F12	0
14	http://www.benchmark.org/family#F2F14	0
16	http://www.benchmark.org/family#F2F26	0
19	http://www.benchmark.org/family#F2F38	0
27	http://www.benchmark.org/family#F2M9	0
28	http://www.benchmark.org/family#F3F53	0
32	http://www.benchmark.org/family#F5F65	0
36	http://www.benchmark.org/family#F5M64	0
38	http://www.benchmark.org/family#F6F82	0
40	http://www.benchmark.org/family#F6F89	0
41	http://www.benchmark.org/family#F6F94	0
49	http://www.benchmark.org/family#F6M95	0
50	http://www.benchmark.org/family#F7F103	0
56	http://www.benchmark.org/family#F7M117	0
62	http://www.benchmark.org/family#F9F148	0
63	http://www.benchmark.org/family#F9F156	0
67	http://www.benchmark.org/family#F9M147	0
74	http://www.benchmark.org/family#F9M165	0
